{
  "TECS": {
    "highest_price": 61.470001220703125,
    "stop_level": 59.62590118408203
  },
  "IAK": {
    "highest_price": 134.85499572753906,
    "stop_level": 130.80934585571288
  },
  "ASAN": {
    "highest_price": 18.25,
    "stop_level": 17.7025
  },
  "FBTC": {
    "highest_price": 75.94999694824219,
    "stop_level": 73.67149703979491
  },
  "BERZ": {
    "highest_price": 17.239999771118164,
    "stop_level": 16.72279977798462
  },
  "CWEB": {
    "highest_price": 49.09000015258789,
    "stop_level": 47.61730014801025
  },
  "TQQQ": {
    "highest_price": 67.41000366210938,
    "stop_level": 65.3877035522461
  },
  "KWEB": {
    "highest_price": 36.9900016784668,
    "stop_level": 35.88030162811279
  },
  "STVN": {
    "highest_price": 22.1299991607666,
    "stop_level": 21.4660991859436
  },
  "VKTX": {
    "highest_price": 29.100000381469727,
    "stop_level": 28.227000370025635
  },
  "BBAI": {
    "highest_price": 3.3399999141693115,
    "stop_level": 3.239799916744232
  },
  "KC": {
    "highest_price": 17.540000915527344,
    "stop_level": 17.013800888061525
  },
  "EPI": {
    "highest_price": 41.66999816894531,
    "stop_level": 40.41989822387695
  },
  "FILL": {
    "highest_price": 23.271299362182617,
    "stop_level": 22.573160381317138
  },
  "DGRS": {
    "highest_price": 48.40999984741211,
    "stop_level": 46.957699851989744
  },
  "SMIN": {
    "highest_price": 65.8499984741211,
    "stop_level": 63.87449851989746
  },
  "GSPY": {
    "highest_price": 31.707000732421875,
    "stop_level": 30.75579071044922
  },
  "VAMO": {
    "highest_price": 28.854999542236328,
    "stop_level": 27.989349555969238
  },
  "BJ": {
    "highest_price": 117.79499816894531,
    "stop_level": 114.26114822387694
  },
  "ITM": {
    "highest_price": 46.255001068115234,
    "stop_level": 44.867351036071774
  },
  "XHB": {
    "highest_price": 102.44999694824219,
    "stop_level": 99.37649703979491
  },
  "PTIR": {
    "highest_price": 140.9199981689453,
    "stop_level": 136.69239822387695
  },
  "ITB": {
    "highest_price": 100.83499908447266,
    "stop_level": 97.80994911193848
  },
  "SQQQ": {
    "highest_price": 38.26689910888672,
    "stop_level": 37.118892135620115
  }
}